Corridor,Census_tract,GEOID,Population,Median household income,Per capita income,Poverty count,Poverty rate,Unemployment rate,"# employed, age 16+",Unemployment count,# persons age 25+ graduated high school,# persons age 25+ with Bachelor's degree,Median age,Pop. white,Pop. Black,Pop. 2 or more races,Pop. Hispanic origin,Pop. Asian,Total pop. in occupied housing units by tenure,Total owner-occupied units,Total renter-occupied units,Pop. <18 years,Pop. working age,Pop. 65+ years
Highlandtown,010200,24510010200,"2,858",$106250.00,$57925.00,133,470.00%,130.00%,2086.0,38.0,185.0,951.0,31.9,2515.0,128.0,72.0,92.0,126.0,2331.0,1118.0,293.0,324.0,2308.0,226.0
Brooklyn,020300,24510020300,"3,761",$108026.00,$83545.00,342,910.00%,90.00%,2985.0,32.0,180.0,1089.0,34.0,3091.0,138.0,224.0,263.0,308.0,1376.0,697.0,1455.0,214.0,3144.0,403.0
E Monument St,040100,24510040100,"5,051",$64016.00,$50026.00,626,1240.00%,190.00%,3496.0,98.0,188.0,1681.0,30.0,2179.0,1532.0,298.0,501.0,866.0,322.0,230.0,2854.0,437.0,4444.0,170.0
Hamilton Lauraville,040200,24510040200,984,$43417.00,$19148.00,93,950.00%,170.00%,440.0,17.0,45.0,145.0,23.8,440.0,338.0,68.0,34.0,129.0,0.0,0.0,261.0,22.0,943.0,19.0
E Monument St,060200,24510060200,"3,037",$69034.00,$40668.00,"1,026",3380.00%,510.00%,1516.0,155.0,405.0,477.0,32.5,1469.0,1298.0,84.0,334.0,109.0,1547.0,578.0,505.0,771.0,2116.0,150.0
E Monument St,060300,24510060300,"1,881",$72132.00,$35568.00,339,1800.00%,300.00%,1047.0,56.0,161.0,314.0,31.6,883.0,847.0,66.0,238.0,63.0,854.0,384.0,336.0,414.0,1306.0,161.0
Waverly,060400,24510060400,"1,561",$51089.00,$36510.00,294,1880.00%,100.00%,781.0,15.0,147.0,289.0,31.8,545.0,821.0,77.0,73.0,109.0,418.0,217.0,580.0,239.0,1113.0,209.0
E Monument St,070100,24510070100,"2,966",$43327.00,$14397.00,"1,207",4070.00%,530.00%,825.0,157.0,526.0,111.0,24.5,210.0,2464.0,16.0,411.0,0.0,1116.0,287.0,486.0,1137.0,1547.0,282.0
E Monument St,070200,24510070200,"3,696",$31292.00,$16474.00,"1,575",4260.00%,850.00%,1263.0,316.0,722.0,34.0,28.3,91.0,3595.0,0.0,162.0,10.0,1150.0,385.0,707.0,1170.0,2229.0,297.0
E Monument St,070300,24510070300,900,$36985.00,$21494.00,236,2620.00%,880.00%,362.0,79.0,302.0,32.0,41.9,42.0,749.0,0.0,87.0,0.0,233.0,88.0,205.0,140.0,647.0,113.0
E Monument St,070400,24510070400,"1,601",$24457.00,$17842.00,571,3570.00%,710.00%,582.0,114.0,307.0,233.0,30.9,147.0,1302.0,8.0,43.0,144.0,187.0,56.0,714.0,278.0,1113.0,210.0
Belair Rd,080101,24510080101,"3,869",$66845.00,$38210.00,572,1480.00%,280.00%,1863.0,108.0,795.0,486.0,35.1,1234.0,2366.0,210.0,96.0,28.0,2214.0,828.0,433.0,1034.0,2522.0,313.0
Belair Rd,080102,24510080102,"2,159",$32747.00,$13393.00,870,4030.00%,630.00%,717.0,135.0,624.0,71.0,36.3,71.0,2065.0,6.0,7.0,17.0,854.0,300.0,391.0,597.0,1397.0,165.0
Hampden,080200,24510080200,"1,164",$36375.00,$16501.00,240,2060.00%,870.00%,363.0,101.0,257.0,40.0,40.7,71.0,1093.0,0.0,0.0,0.0,617.0,202.0,238.0,254.0,684.0,226.0
E Monument St,080301,24510080301,"1,759",$31250.00,$17093.00,499,2840.00%,730.00%,563.0,128.0,380.0,65.0,36.7,45.0,1597.0,0.0,143.0,10.0,828.0,287.0,316.0,463.0,1053.0,243.0
E Monument St,080400,24510080400,"1,263",$32772.00,$17576.00,485,3840.00%,890.00%,477.0,112.0,233.0,160.0,40.6,235.0,1022.0,6.0,107.0,0.0,322.0,125.0,278.0,285.0,859.0,119.0
E Monument St,080800,24510080800,"1,583",$53333.00,$19845.00,473,2990.00%,360.00%,443.0,57.0,279.0,46.0,18.6,76.0,1494.0,13.0,12.0,0.0,331.0,115.0,387.0,782.0,724.0,77.0
E Monument St,090100,24510090100,"3,758",$44759.00,$24633.00,788,2100.00%,640.00%,1771.0,240.0,841.0,179.0,42.4,496.0,3119.0,122.0,86.0,21.0,2168.0,856.0,681.0,764.0,2398.0,596.0
Waverly,090300,24510090300,"4,476",$49722.00,$28304.00,"1,022",2280.00%,390.00%,2036.0,176.0,480.0,765.0,42.0,1182.0,3143.0,57.0,202.0,78.0,2416.0,1063.0,845.0,883.0,2781.0,812.0
Waverly,090400,24510090400,"1,520",$32276.00,$16274.00,547,3600.00%,280.00%,643.0,43.0,298.0,91.0,36.1,197.0,1187.0,74.0,181.0,1.0,379.0,150.0,475.0,463.0,945.0,112.0
Waverly,090500,24510090500,"1,747",$44229.00,$22614.00,362,2070.00%,480.00%,774.0,84.0,525.0,124.0,40.3,352.0,1177.0,176.0,9.0,42.0,1001.0,369.0,308.0,391.0,1167.0,189.0
North Ave,090800,24510090800,"2,709",$30972.00,$14907.00,957,3530.00%,930.00%,736.0,252.0,511.0,131.0,44.2,63.0,2583.0,53.0,0.0,10.0,1559.0,526.0,410.0,476.0,1719.0,514.0
Belair Rd,100200,24510100200,"2,858",$16080.00,$11586.00,"1,178",4120.00%,190.00%,666.0,53.0,455.0,39.0,35.6,92.0,2744.0,16.0,32.0,0.0,164.0,89.0,996.0,685.0,1795.0,378.0
Waverly,110100,24510110100,"3,177",$55796.00,$47902.00,506,1590.00%,130.00%,2679.0,42.0,67.0,1124.0,29.7,1752.0,862.0,184.0,121.0,329.0,418.0,293.0,1801.0,63.0,3032.0,82.0
Penn Ave,110200,24510110200,"5,968",$49970.00,$49286.00,"1,057",1770.00%,320.00%,3993.0,191.0,231.0,1558.0,34.5,3439.0,1509.0,458.0,400.0,327.0,1272.0,634.0,3329.0,170.0,4746.0,1052.0
Park Heights,120100,24510120100,"4,787",$64794.00,$64601.00,943,1970.00%,460.00%,2164.0,218.0,245.0,941.0,39.0,2714.0,546.0,249.0,227.0,1226.0,2462.0,1169.0,1182.0,549.0,3069.0,1169.0
Waverly,120201,24510120201,"2,227",$87500.00,$49543.00,306,1370.00%,240.00%,1366.0,53.0,67.0,516.0,31.4,1623.0,425.0,86.0,71.0,83.0,1215.0,521.0,327.0,312.0,1709.0,206.0
Waverly,120202,24510120202,"5,272",$42674.00,$19707.00,590,1120.00%,370.00%,2155.0,196.0,114.0,808.0,21.0,3001.0,548.0,332.0,412.0,1319.0,655.0,357.0,1165.0,210.0,4863.0,199.0
Waverly,120300,24510120300,"4,153",$56750.00,$33409.00,822,1980.00%,330.00%,2433.0,139.0,337.0,887.0,33.3,1751.0,1924.0,220.0,133.0,171.0,1910.0,669.0,931.0,671.0,3166.0,316.0
Penn Ave,120400,24510120400,"1,842",$38445.00,$28189.00,596,3240.00%,400.00%,862.0,74.0,332.0,245.0,31.4,564.0,1253.0,0.0,71.0,11.0,461.0,185.0,534.0,439.0,1280.0,123.0
Penn Ave,120700,24510120700,"2,207",$65365.00,$35817.00,202,920.00%,640.00%,1349.0,141.0,546.0,436.0,34.5,1595.0,487.0,35.0,108.0,65.0,1181.0,576.0,446.0,303.0,1747.0,157.0
E Monument St,130100,24510130100,"2,558",$22464.00,$26976.00,992,3880.00%,60.00%,1108.0,15.0,400.0,371.0,39.1,394.0,2039.0,97.0,43.0,2.0,823.0,306.0,1120.0,466.0,1800.0,292.0
Penn Ave,130300,24510130300,"2,222",$42642.00,$23787.00,618,2780.00%,290.00%,842.0,64.0,541.0,167.0,36.1,100.0,2070.0,0.0,16.0,47.0,1029.0,346.0,475.0,574.0,1384.0,264.0
Brooklyn,130400,24510130400,"2,171",$28550.00,$20855.00,700,3220.00%,430.00%,752.0,94.0,585.0,92.0,39.9,177.0,1902.0,11.0,121.0,7.0,962.0,316.0,425.0,470.0,1475.0,226.0
Hampden,130600,24510130600,"3,614",$103911.00,$56119.00,399,1100.00%,140.00%,2681.0,52.0,111.0,1149.0,34.7,3165.0,201.0,96.0,87.0,133.0,2131.0,968.0,691.0,336.0,3047.0,231.0
Hampden,130700,24510130700,"4,734",$72404.00,$50102.00,369,780.00%,150.00%,2787.0,70.0,642.0,909.0,39.0,4019.0,360.0,132.0,201.0,211.0,2276.0,1087.0,1390.0,531.0,2947.0,1256.0
Hampden,130804,24510130804,"1,993",$67500.00,$43449.00,234,1170.00%,290.00%,1389.0,58.0,186.0,436.0,32.7,1727.0,190.0,14.0,63.0,53.0,1010.0,460.0,486.0,226.0,1607.0,160.0
Penn Ave,140200,24510140200,"2,906",$23295.00,$13362.00,"1,713",5890.00%,430.00%,896.0,125.0,664.0,97.0,25.8,79.0,2776.0,51.0,0.0,0.0,768.0,181.0,645.0,1134.0,1559.0,213.0
Penn Ave,140300,24510140300,"1,932",$37917.00,$28251.00,412,2130.00%,240.00%,914.0,47.0,334.0,116.0,37.6,121.0,1777.0,34.0,8.0,0.0,686.0,292.0,589.0,384.0,1279.0,269.0
Penn Ave,150100,24510150100,"2,172",$17371.00,$18530.00,944,4350.00%,670.00%,628.0,145.0,592.0,44.0,41.3,86.0,2023.0,42.0,0.0,21.0,1014.0,367.0,610.0,448.0,1315.0,409.0
Pigtown,150400,24510150400,"3,824",$31440.00,$13692.00,666,1740.00%,590.00%,1399.0,226.0,743.0,269.0,33.6,26.0,3579.0,182.0,37.0,30.0,1013.0,384.0,815.0,499.0,2806.0,519.0
North Ave,150600,24510150600,"2,726",$27109.00,$18155.00,"1,128",4140.00%,1420.00%,1043.0,388.0,485.0,33.0,37.0,76.0,2609.0,41.0,9.0,0.0,1191.0,345.0,681.0,505.0,1945.0,276.0
North Ave,150702,24510150702,"2,139",$50167.00,$27345.00,478,2230.00%,570.00%,856.0,121.0,479.0,333.0,41.0,18.0,2039.0,64.0,31.0,0.0,1301.0,557.0,239.0,390.0,1339.0,410.0
Penn Ave,150800,24510150800,"4,719",$36446.00,$25294.00,"1,127",2390.00%,570.00%,1754.0,268.0,1244.0,372.0,43.3,23.0,4612.0,33.0,59.0,0.0,2854.0,865.0,921.0,872.0,2923.0,924.0
Park Heights,151300,24510151300,"4,379",$31885.00,$15605.00,"1,227",2800.00%,590.00%,1687.0,257.0,959.0,197.0,40.7,268.0,3754.0,190.0,295.0,31.0,1741.0,550.0,957.0,872.0,2923.0,584.0
Penn Ave,160100,24510160100,"1,936",$29375.00,$19358.00,558,2880.00%,390.00%,781.0,75.0,349.0,89.0,45.9,77.0,1813.0,0.0,25.0,21.0,588.0,200.0,695.0,451.0,1197.0,288.0
Penn Ave,160200,24510160200,"2,479",$22881.00,$15600.00,"1,230",4960.00%,690.00%,828.0,170.0,563.0,36.0,26.2,56.0,2412.0,6.0,21.0,0.0,788.0,268.0,592.0,879.0,1350.0,250.0
Penn Ave,160400,24510160400,"1,937",$23417.00,$12725.00,961,4960.00%,590.00%,593.0,114.0,315.0,20.0,32.7,29.0,1858.0,24.0,0.0,4.0,693.0,314.0,333.0,712.0,970.0,255.0
Pimlico,160600,24510160600,"3,266",$43306.00,$18999.00,783,2400.00%,270.00%,1307.0,89.0,977.0,164.0,40.3,63.0,3090.0,31.0,59.0,0.0,1700.0,470.0,563.0,747.0,2155.0,364.0
Pigtown,160700,24510160700,"4,543",$37870.00,$16176.00,"1,549",3410.00%,1140.00%,1593.0,520.0,1095.0,258.0,30.8,15.0,4491.0,37.0,16.0,0.0,1611.0,614.0,906.0,1211.0,2862.0,470.0
Waverly,170100,24510170100,"1,594",$31088.00,$26352.00,352,2210.00%,150.00%,876.0,24.0,155.0,185.0,34.4,463.0,1051.0,28.0,63.0,28.0,237.0,136.0,745.0,238.0,1207.0,149.0
Penn Ave,170200,24510170200,"2,705",$13841.00,$11230.00,"1,337",4940.00%,350.00%,811.0,96.0,597.0,56.0,28.7,214.0,2354.0,91.0,6.0,46.0,265.0,71.0,1230.0,870.0,1460.0,375.0
Penn Ave,170300,24510170300,"1,767",$20884.00,$22335.00,708,4010.00%,480.00%,714.0,85.0,287.0,114.0,39.7,27.0,1646.0,46.0,74.0,3.0,556.0,294.0,515.0,400.0,1103.0,264.0
Greektown,180100,24510180100,"2,185",$15195.00,$9482.00,"1,259",5760.00%,670.00%,525.0,146.0,567.0,14.0,26.2,5.0,2163.0,0.0,17.0,0.0,124.0,68.0,880.0,841.0,1192.0,152.0
Penn Ave,180200,24510180200,947,$25398.00,$20478.00,307,3240.00%,460.00%,367.0,44.0,152.0,77.0,44.6,108.0,816.0,11.0,35.0,12.0,330.0,115.0,262.0,127.0,616.0,204.0
Pigtown,180300,24510180300,"1,732",$50761.00,$34592.00,421,2430.00%,480.00%,1078.0,83.0,357.0,284.0,31.4,789.0,822.0,104.0,58.0,12.0,719.0,306.0,520.0,214.0,1448.0,70.0
North Ave,190300,24510190300,"2,158",$17925.00,$11154.00,"1,149",5320.00%,900.00%,511.0,195.0,365.0,34.0,30.0,697.0,1311.0,10.0,38.0,101.0,467.0,183.0,542.0,699.0,1255.0,204.0
E Monument St,200300,24510200300,"1,356",$20820.00,$13159.00,707,5210.00%,850.00%,349.0,115.0,285.0,36.0,31.2,316.0,829.0,102.0,67.0,27.0,317.0,114.0,365.0,351.0,930.0,75.0
Penn Ave,200600,24510200600,"2,311",$39159.00,$19781.00,309,1340.00%,840.00%,1009.0,193.0,557.0,72.0,32.9,485.0,1650.0,114.0,146.0,40.0,950.0,394.0,453.0,541.0,1528.0,242.0
North Ave,200701,24510200701,"4,797",$39208.00,$20051.00,"1,030",2150.00%,720.00%,1876.0,346.0,1024.0,194.0,35.7,99.0,4677.0,15.0,24.0,0.0,2193.0,882.0,916.0,1021.0,2992.0,784.0
Irvington,200702,24510200702,"1,026",$44830.00,$20681.00,257,2500.00%,210.00%,465.0,22.0,233.0,54.0,42.8,7.0,1019.0,0.0,0.0,0.0,514.0,241.0,152.0,255.0,629.0,142.0
Irvington,200800,24510200800,"2,170",$48922.00,$22176.00,458,2110.00%,310.00%,989.0,67.0,353.0,80.0,37.1,133.0,1934.0,40.0,82.0,0.0,1212.0,418.0,366.0,534.0,1377.0,259.0
Pigtown,210100,24510210100,"2,470",$72216.00,$36449.00,408,1650.00%,470.00%,1639.0,116.0,232.0,592.0,32.2,782.0,1584.0,34.0,19.0,70.0,1123.0,533.0,436.0,336.0,1954.0,180.0
Pigtown,210200,24510210200,"3,529",$45909.00,$29591.00,"1,139",3230.00%,440.00%,1627.0,154.0,503.0,473.0,33.6,1185.0,1764.0,238.0,330.0,94.0,1687.0,702.0,642.0,792.0,2417.0,320.0
Park Heights,230100,24510230100,"1,872",$74578.00,$43902.00,268,1430.00%,20.00%,1185.0,3.0,148.0,451.0,29.0,1035.0,772.0,14.0,54.0,28.0,605.0,282.0,548.0,350.0,1424.0,98.0
Hamilton Lauraville,230200,24510230200,"1,982",$107391.00,$63973.00,151,760.00%,90.00%,1500.0,17.0,72.0,593.0,30.7,1683.0,169.0,99.0,88.0,31.0,1030.0,539.0,443.0,174.0,1580.0,228.0
Penn Ave,240100,24510240100,"3,320",$142328.00,$90445.00,103,310.00%,230.00%,2341.0,77.0,125.0,1169.0,34.1,3010.0,63.0,31.0,153.0,109.0,2291.0,1066.0,536.0,526.0,2607.0,187.0
Irvington,240400,24510240400,"2,721",$110982.00,$53687.00,66,240.00%,140.00%,1846.0,39.0,258.0,882.0,30.8,2580.0,14.0,33.0,124.0,52.0,1627.0,695.0,461.0,365.0,2160.0,196.0
Penn Ave,250102,24510250102,"2,732",$50354.00,$25214.00,346,1270.00%,230.00%,1660.0,64.0,355.0,122.0,35.1,232.0,2446.0,36.0,80.0,18.0,1183.0,462.0,655.0,553.0,1869.0,310.0
Highlandtown,250103,24510250103,"3,378",$41307.00,$27656.00,593,1760.00%,260.00%,1523.0,87.0,854.0,225.0,45.4,1904.0,1172.0,95.0,164.0,151.0,1758.0,720.0,784.0,461.0,2129.0,788.0
Hampden,250203,24510250203,"1,940",$34873.00,$19857.00,449,2310.00%,270.00%,700.0,52.0,419.0,161.0,34.1,274.0,1626.0,0.0,31.0,40.0,424.0,221.0,497.0,610.0,1063.0,267.0
Pigtown,250301,24510250301,"2,303",$26581.00,$16952.00,948,4120.00%,610.00%,555.0,141.0,408.0,27.0,28.0,263.0,2040.0,0.0,137.0,0.0,619.0,274.0,523.0,897.0,1173.0,233.0
Brooklyn,250401,24510250401,"3,959",$47321.00,$19888.00,937,2370.00%,480.00%,1520.0,189.0,921.0,261.0,35.3,2267.0,942.0,155.0,901.0,301.0,1621.0,458.0,760.0,997.0,2575.0,387.0
Brooklyn,250402,24510250402,"4,614",$37451.00,$20522.00,"1,559",3380.00%,630.00%,1713.0,289.0,1073.0,205.0,32.7,1459.0,2392.0,384.0,565.0,0.0,1569.0,607.0,1061.0,1460.0,2870.0,284.0
Pimlico,260102,24510260102,"4,775",$62586.00,$25903.00,469,980.00%,320.00%,2366.0,151.0,1231.0,321.0,41.3,440.0,4254.0,0.0,94.0,60.0,3674.0,1384.0,323.0,1086.0,3057.0,632.0
Irvington,260201,24510260201,"5,901",$40996.00,$22485.00,958,1620.00%,130.00%,2678.0,78.0,967.0,451.0,35.3,871.0,4686.0,18.0,62.0,326.0,2346.0,798.0,1462.0,1212.0,3737.0,952.0
Belair Rd,260301,24510260301,"4,741",$49005.00,$19358.00,"1,561",3290.00%,370.00%,1903.0,175.0,928.0,205.0,27.3,255.0,4353.0,119.0,14.0,0.0,2379.0,973.0,547.0,1558.0,2782.0,401.0
Belair Rd,260302,24510260302,"6,634",$41280.00,$19844.00,"2,238",3370.00%,610.00%,2488.0,404.0,1897.0,369.0,38.6,489.0,5865.0,43.0,164.0,0.0,4181.0,1636.0,895.0,1538.0,4316.0,780.0
Hamilton Lauraville,260303,24510260303,969,$17000.00,$19562.00,377,3890.00%,210.00%,286.0,20.0,229.0,47.0,37.0,281.0,626.0,29.0,66.0,0.0,164.0,88.0,368.0,266.0,621.0,82.0
Hamilton Lauraville,260401,24510260401,"4,148",$40281.00,$16142.00,947,2280.00%,280.00%,1695.0,117.0,732.0,127.0,31.1,2525.0,710.0,278.0,1866.0,108.0,2006.0,638.0,577.0,1614.0,2236.0,298.0
E Monument St,260402,24510260402,"3,315",$38934.00,$18981.00,913,2750.00%,250.00%,1463.0,83.0,763.0,171.0,31.4,146.0,3052.0,59.0,0.0,0.0,1216.0,379.0,884.0,990.0,1882.0,443.0
Highlandtown,260403,24510260403,"1,764",$31625.00,$21744.00,436,2470.00%,190.00%,885.0,34.0,450.0,91.0,27.9,23.0,1741.0,0.0,0.0,0.0,306.0,119.0,622.0,586.0,1045.0,133.0
Greektown,260501,24510260501,"5,186",$57639.00,$24935.00,407,780.00%,80.00%,2570.0,44.0,863.0,542.0,37.5,3110.0,585.0,272.0,1610.0,122.0,2220.0,913.0,826.0,1151.0,3010.0,1025.0
Pimlico,260605,24510260605,"4,947",$41698.00,$19493.00,"1,444",2920.00%,610.00%,1789.0,300.0,993.0,214.0,36.2,3316.0,703.0,241.0,1722.0,40.0,2442.0,866.0,866.0,1465.0,2872.0,610.0
Greektown,260700,24510260700,"2,933",$83050.00,$33864.00,420,1430.00%,150.00%,1524.0,43.0,250.0,434.0,30.4,2232.0,68.0,287.0,1052.0,5.0,1324.0,649.0,322.0,818.0,1944.0,171.0
Highlandtown,260800,24510260800,"2,332",$40795.00,$26895.00,481,2060.00%,160.00%,1233.0,38.0,394.0,309.0,36.1,1748.0,310.0,10.0,970.0,35.0,751.0,415.0,580.0,456.0,1630.0,246.0
Highlandtown,260900,24510260900,"3,359",$109618.00,$64704.00,335,1000.00%,70.00%,2624.0,25.0,233.0,1163.0,31.2,2999.0,177.0,113.0,225.0,61.0,1402.0,634.0,1005.0,374.0,2784.0,201.0
Highlandtown,261000,24510261000,"2,824",$55221.00,$26904.00,"1,077",3810.00%,290.00%,1305.0,82.0,410.0,190.0,33.8,1265.0,1245.0,192.0,621.0,45.0,1625.0,540.0,441.0,872.0,1656.0,296.0
Highlandtown,261100,24510261100,"1,813",$133152.00,$70157.00,123,680.00%,410.00%,1399.0,75.0,140.0,668.0,32.1,1578.0,108.0,52.0,70.0,64.0,1233.0,607.0,257.0,162.0,1550.0,101.0
Hamilton Lauraville,270200,24510270200,"1,870",$77792.00,$37507.00,131,700.00%,190.00%,1147.0,35.0,230.0,348.0,42.0,970.0,864.0,17.0,94.0,0.0,1598.0,551.0,162.0,382.0,1249.0,239.0
Hamilton Lauraville,270301,24510270301,"3,074",$77977.00,$34343.00,169,550.00%,140.00%,1554.0,42.0,477.0,547.0,44.6,1227.0,1665.0,63.0,134.0,74.0,2239.0,955.0,192.0,620.0,1908.0,546.0
Hamilton Lauraville,270302,24510270302,"1,887",$71500.00,$36091.00,303,1610.00%,330.00%,904.0,63.0,416.0,142.0,45.4,918.0,861.0,47.0,135.0,9.0,1474.0,516.0,178.0,316.0,1242.0,329.0
Hamilton Lauraville,270401,24510270401,"4,892",$59886.00,$30636.00,453,930.00%,150.00%,2464.0,73.0,1098.0,587.0,38.9,1659.0,2890.0,343.0,52.0,0.0,3649.0,1449.0,471.0,1168.0,3177.0,547.0
Hamilton Lauraville,270402,24510270402,"3,792",$83160.00,$28919.00,198,520.00%,280.00%,1733.0,105.0,388.0,539.0,35.9,1192.0,2345.0,138.0,99.0,63.0,3281.0,980.0,214.0,1135.0,2227.0,430.0
Waverly,270502,24510270502,"4,229",$75197.00,$42730.00,387,920.00%,380.00%,2368.0,162.0,734.0,702.0,42.4,1621.0,2464.0,65.0,98.0,49.0,3291.0,1249.0,511.0,921.0,2740.0,568.0
Hamilton Lauraville,270600,24510270600,"5,170",$71847.00,$30193.00,351,680.00%,860.00%,2790.0,444.0,950.0,581.0,36.2,1588.0,3423.0,159.0,40.0,0.0,4324.0,1443.0,374.0,961.0,3667.0,542.0
Pimlico,270702,24510270702,"1,912",$55285.00,$40455.00,144,750.00%,460.00%,1116.0,87.0,433.0,209.0,41.8,533.0,1287.0,79.0,31.0,13.0,958.0,385.0,507.0,285.0,1397.0,230.0
Waverly,270703,24510270703,"2,996",$67895.00,$35171.00,232,770.00%,290.00%,1794.0,87.0,520.0,509.0,44.5,1605.0,1364.0,3.0,65.0,5.0,2060.0,751.0,417.0,496.0,2136.0,364.0
E Monument St,270802,24510270802,"5,154",$47566.00,$24265.00,951,1850.00%,740.00%,2244.0,380.0,998.0,459.0,37.2,129.0,4635.0,116.0,234.0,38.0,1852.0,785.0,1382.0,1151.0,3331.0,672.0
Penn Ave,270803,24510270803,"6,367",$50686.00,$29274.00,331,520.00%,490.00%,2874.0,310.0,1308.0,845.0,43.3,396.0,5675.0,122.0,35.0,123.0,3025.0,1030.0,1908.0,1169.0,3928.0,1270.0
Waverly,270804,24510270804,"2,990",$55750.00,$39424.00,386,1290.00%,230.00%,1964.0,70.0,430.0,492.0,41.0,1672.0,1179.0,24.0,410.0,115.0,1212.0,573.0,787.0,319.0,2248.0,423.0
Hampden,270805,24510270805,"5,584",$58441.00,$30218.00,579,1040.00%,520.00%,2781.0,290.0,1210.0,588.0,37.3,628.0,4632.0,176.0,147.0,74.0,4065.0,1514.0,458.0,1225.0,3518.0,841.0
Pigtown,270901,24510270901,"4,525",$53120.00,$33585.00,289,640.00%,380.00%,2396.0,170.0,1341.0,192.0,34.3,200.0,4157.0,168.0,127.0,0.0,2467.0,888.0,824.0,878.0,2953.0,694.0
Belair Rd,270902,24510270902,"5,091",$64028.00,$22780.00,323,630.00%,430.00%,1965.0,218.0,811.0,461.0,31.3,271.0,4453.0,214.0,86.0,33.0,3074.0,1219.0,206.0,669.0,3468.0,954.0
Penn Ave,270903,24510270903,"5,241",$49327.00,$23229.00,436,830.00%,420.00%,1969.0,218.0,546.0,396.0,22.3,1168.0,3784.0,127.0,583.0,117.0,1479.0,732.0,549.0,538.0,4291.0,412.0
Hamilton Lauraville,271002,24510271002,"4,250",$40147.00,$20655.00,"1,622",3820.00%,560.00%,1420.0,237.0,696.0,374.0,35.6,247.0,3924.0,73.0,212.0,0.0,2577.0,972.0,526.0,1299.0,2234.0,717.0
Highlandtown,271101,24510271101,"1,928",$51765.00,$38503.00,413,2140.00%,350.00%,934.0,67.0,285.0,304.0,45.0,1015.0,636.0,64.0,11.0,177.0,871.0,361.0,519.0,300.0,1363.0,265.0
Hampden,271102,24510271102,"4,597",$195156.00,$30978.00,18,40.00%,140.00%,1477.0,65.0,76.0,216.0,20.5,2899.0,1023.0,278.0,244.0,339.0,1156.0,426.0,15.0,293.0,4052.0,252.0
E Monument St,271200,24510271200,"6,282",$165443.00,$72260.00,359,570.00%,60.00%,3140.0,39.0,481.0,1193.0,42.8,5110.0,563.0,253.0,133.0,341.0,5180.0,1784.0,359.0,1559.0,3677.0,1046.0
Greektown,271300,24510271300,"2,455",$154313.00,$94818.00,36,150.00%,90.00%,1554.0,21.0,37.0,611.0,40.9,2066.0,124.0,32.0,82.0,207.0,1787.0,714.0,323.0,535.0,1470.0,450.0
Hamilton Lauraville,271400,24510271400,"4,015",$133333.00,$76059.00,234,580.00%,120.00%,1995.0,48.0,132.0,570.0,38.5,3207.0,260.0,151.0,289.0,322.0,2668.0,1019.0,421.0,794.0,2464.0,757.0
Belair Rd,271501,24510271501,"4,161",$104375.00,$56716.00,269,650.00%,220.00%,2110.0,93.0,182.0,763.0,38.7,3265.0,690.0,82.0,206.0,77.0,2902.0,1119.0,646.0,1034.0,2426.0,701.0
E Monument St,271503,24510271503,876,$56490.00,$70175.00,38,430.00%,160.00%,399.0,14.0,66.0,273.0,62.8,617.0,114.0,26.0,29.0,104.0,675.0,512.0,165.0,62.0,425.0,389.0
Park Heights,271600,24510271600,"4,066",$31361.00,$19067.00,"1,135",2790.00%,840.00%,1316.0,341.0,1217.0,264.0,38.8,133.0,3788.0,43.0,31.0,76.0,1790.0,542.0,895.0,711.0,2443.0,912.0
Pimlico,271700,24510271700,"4,624",$39432.00,$24618.00,707,1530.00%,960.00%,1556.0,444.0,1224.0,248.0,52.0,249.0,4234.0,63.0,21.0,61.0,2247.0,802.0,1001.0,601.0,2602.0,1421.0
Pimlico,271801,24510271801,"2,700",$26817.00,$22357.00,986,3650.00%,940.00%,986.0,254.0,547.0,122.0,47.9,39.0,2567.0,38.0,19.0,10.0,1555.0,663.0,580.0,422.0,1598.0,680.0
Pimlico,271802,24510271802,"2,290",$33156.00,$16899.00,652,2850.00%,350.00%,844.0,80.0,641.0,145.0,43.8,15.0,2211.0,45.0,21.0,0.0,1009.0,425.0,406.0,524.0,1320.0,446.0
Pimlico,271900,24510271900,"3,794",$51938.00,$34173.00,643,1690.00%,520.00%,1505.0,196.0,706.0,717.0,49.7,812.0,2914.0,11.0,0.0,48.0,2687.0,1045.0,470.0,597.0,2206.0,991.0
Penn Ave,280101,24510280101,"3,401",$45855.00,$21093.00,987,2900.00%,570.00%,1473.0,195.0,635.0,240.0,37.3,206.0,3139.0,35.0,124.0,0.0,1314.0,580.0,657.0,822.0,2172.0,407.0
Highlandtown,280102,24510280102,"6,231",$50798.00,$25022.00,"1,279",2050.00%,470.00%,2170.0,291.0,1114.0,672.0,49.7,161.0,6070.0,0.0,113.0,0.0,4015.0,1577.0,957.0,1065.0,3886.0,1280.0
Waverly,280302,24510280302,"2,538",$44423.00,$24760.00,519,2040.00%,490.00%,1179.0,124.0,496.0,188.0,31.8,107.0,2201.0,209.0,15.0,12.0,834.0,314.0,708.0,606.0,1677.0,255.0
Pimlico,280401,24510280401,"3,269",$46493.00,$31029.00,350,1070.00%,200.00%,1635.0,65.0,571.0,496.0,48.5,473.0,2669.0,111.0,23.0,16.0,2351.0,972.0,501.0,583.0,2099.0,587.0
Pigtown,280402,24510280402,"1,632",$48750.00,$23395.00,262,1610.00%,520.00%,662.0,85.0,369.0,185.0,42.4,2.0,1601.0,1.0,28.0,0.0,1269.0,512.0,105.0,316.0,967.0,349.0
Belair Rd,280403,24510280403,"5,468",$57973.00,$34384.00,263,480.00%,170.00%,3032.0,95.0,783.0,372.0,36.4,1264.0,4033.0,100.0,63.0,32.0,2692.0,898.0,1307.0,1247.0,3677.0,544.0
E Monument St,280404,24510280404,"2,631",$39233.00,$23113.00,613,2330.00%,370.00%,1058.0,97.0,609.0,175.0,32.2,123.0,2356.0,134.0,107.0,0.0,1153.0,442.0,655.0,597.0,1573.0,461.0
